[{"link":"https:\/\/addisfortune.net\/articles\/current-former-future-leaders-meet\/","text":"Former British Prime Minister Tony Blair (right) joined Ethiopian Prime Minister Abiy Ahmed (PhD) in a meeting attended by over 1,000 university students, young leaders and future leaders under the age of 29 at the headq...","title":"Current, Former, \u2018Future\u2019 Leaders Meet","imgsrc":"https:\/\/addisfortune.net\/wp-content\/uploads\/2018\/06\/pm-abiy-ahmed-with-tony-blair.jpg"},{"link":"https:\/\/addisfortune.net\/articles\/despite-hurdles-keangnam-hopes-for-reentry\/","text":"Keangnam Enterprise Limited, a Korean construction company that pulled out of the country after bankruptcy and landing in debt for 339 million Br of taxes and customs duties, has requested the government of Ethiopia to b...","title":"Despite Hurdles Keangnam Hopes for Reentry","imgsrc":"https:\/\/addisfortune.net\/wp-content\/uploads\/2018\/06\/Keangnam-Enterprise-Limited.jpg"},{"link":"https:\/\/addisfortune.net\/articles\/ayka-addis-sees-ray-of-hope-from-dbe\/","text":"Ayka Addis Textile & Investment Group, which has seen massive losses for the past four years, has got support from the Development Bank of Ethiopia (DBE) board of directors. DBE's board has directed the management...","title":"Ayka Addis Sees Ray of Hope from DBE","imgsrc":"https:\/\/addisfortune.net\/wp-content\/uploads\/2018\/06\/Ayka-addis.jpg"},{"link":"https:\/\/addisfortune.net\/articles\/police-probes-former-dbe-heads\/","text":"Former senior management members of the Development Bank of Ethiopia (DBE) are under investigation for alleged corruption crimes. In conducting the investigation, the Corruption Crime Cases Division of the Federal Pol...","title":"Police Probes Former DBE Heads","imgsrc":"https:\/\/addisfortune.net\/wp-content\/uploads\/2018\/06\/esayas_pres_dbe-adf.jpg"},{"link":"https:\/\/addisfortune.net\/articles\/city-council-accuses-metec-of-patchy-buses\/","text":"Most of the Anbessa city buses that frequently broke down and went out of service in the first three quarters of this fiscal year were assembled by Bishoftu Automotive Engineering Industry (Bishoftu Automotive), a divisi...","title":"City Council Accuses MetEC of Patchy Buses","imgsrc":"https:\/\/addisfortune.net\/wp-content\/uploads\/2018\/06\/damaged-anbesa-bus-metec.jpg"},{"link":"https:\/\/addisfortune.net\/articles\/black-lions-emergency-medical-unit-construction-still-in-problem\/","text":"The stalled construction, which is designated to be an emergency medical unit for Black Lion Specialised Hospital under the Addis Abeba University (AAU), is still in peril as the budget allocated for the project can only...","title":"Black Lion\u2019s Emergency Medical Unit Construction Still in Problem","imgsrc":"https:\/\/addisfortune.net\/wp-content\/uploads\/2018\/06\/medical-center-black-lion-hospital.jpg"},{"link":"https:\/\/addisfortune.net\/articles\/ministry-ushers-in-simulation-laboratory\/","text":"High School students are going to take laboratory tests classes with simulators starting from the next academic year. For the new system, the Ministry of Science & Technology (MoST) has developed a virtual laboratory...","title":"Ministry Ushers-in Simulation Laboratory","imgsrc":"https:\/\/addisfortune.net\/wp-content\/themes\/smdthemeaddis\/thumbnails\/editorspick-default-tnail.png"},{"link":"https:\/\/addisfortune.net\/articles\/office-to-fight-fake-drivers-licences-digitally\/","text":"Addis Abeba is set to launch a software application that will enable traffic officers to detect forged drivers licenses starting mid-June. The system enables traffic polices to scan licenses with smart-phones. Finance...","title":"Office to Fight Fake Driver\u2019s Licences Digitally","imgsrc":"https:\/\/addisfortune.net\/wp-content\/uploads\/2018\/06\/et-driving-licence.jpg"},{"link":"https:\/\/addisfortune.net\/articles\/new-standard-arise-to-regulate-solar-panels\/","text":"The government has drafted a new national standard for the small-scale solar home system (SHS) with the primary aim of regulating the quality of imported items. The standard, which was drafted with a joint effort by t...","title":"New Standard Arise to Regulate Solar Panels","imgsrc":"https:\/\/addisfortune.net\/wp-content\/themes\/smdthemeaddis\/thumbnails\/editorspick-default-tnail.png"},{"link":"https:\/\/addisfortune.net\/articles\/new-hotel-breaks-ground-in-small-town-of-amhara-state\/","text":"A small town in Amhara Regional State, Debre Werq, located 300Km north of the capital, is about to get its first new 12-storey hotel costing a total of 300 million Br. Alemye International Hotel, owned by WA Resorts,...","title":"New Hotel Breaks Ground in Small Town of Amhara State","imgsrc":"https:\/\/addisfortune.net\/wp-content\/themes\/smdthemeaddis\/thumbnails\/editorspick-default-tnail.png"},{"link":"https:\/\/addisfortune.net\/articles\/rwandan-connection\/","text":"Rwandan President Paul Kagame (right) arrived Thursday evening at the Bole International Airport in Addis Abeba for a three-day state visit. For Prime minister Abiy Ahmed (PhD), with Worqneh Gebeyehu (PhD), minister of F...","title":"Rwandan Connection","imgsrc":"https:\/\/addisfortune.net\/wp-content\/uploads\/2018\/05\/Paul-Kagame-Abiy-Ahmed-Worqneh-Gebeyehu.jpg"},{"link":"https:\/\/addisfortune.net\/articles\/reshuffle-continues-at-palace-police-and-agency\/","text":"The administration of Prime Minister Abiy Ahmed (PhD) keeps up the reshuffling of senior officials running federal agencies last week, including at the National Palace Administration, the Federal Police and Vital Events...","title":"Reshuffle Continues at Palace, Police and Agency","imgsrc":"https:\/\/addisfortune.net\/wp-content\/themes\/smdthemeaddis\/thumbnails\/editorspick-default-tnail.png"},{"link":"https:\/\/addisfortune.net\/articles\/auditor-general-reprimands-oldest-university-for-audit-gap\/","text":"Close to 911 million Br of an audit gap was reported at the oldest higher learning institution in Ethiopia, Addis Abeba University (AAU). The Office of the Federal Auditor reported the gap in the 2015\/16 fiscal year.","title":"Auditor General Reprimands Oldest University for Audit Gap","imgsrc":"https:\/\/addisfortune.net\/wp-content\/uploads\/2018\/05\/Gemechu-Dubisso.jpg"},{"link":"https:\/\/addisfortune.net\/articles\/addis-hosts-three-market-halls\/","text":"Addis Abeba is going to get three market halls constructed for a total of 82 million Br. The halls, which are designated for food items, are expected to be operational beginning June 2, 2018, in Aqaqi-Qality, Kolfe and N...","title":"Addis Hosts Three Market Halls","imgsrc":"https:\/\/addisfortune.net\/wp-content\/themes\/smdthemeaddis\/thumbnails\/editorspick-default-tnail.png"},{"link":"https:\/\/addisfortune.net\/articles\/agency-concedes-tuition-fee-adjustment-for-hundreds-of-schools\/","text":"More than two-thirds of private schools in Addis Abeba got an approval from the regulatory body to make a 10pc to 40pc tuition fee increases for the upcoming academic year. Addis Abeba\u2019s Education Quality & Rele...","title":"Agency Concedes Tuition Fee Adjustment for Hundreds of Schools","imgsrc":"https:\/\/addisfortune.net\/wp-content\/themes\/smdthemeaddis\/thumbnails\/editorspick-default-tnail.png"},{"link":"https:\/\/addisfortune.net\/articles\/tigray-region-gets-statistical-agency-policy-research-institute\/","text":"Tigray Regional State is soon to get its own statistical agency and an institute for policy research. The Council of the regional government has approved two proclamations which established the two bodies by mid of last...","title":"Tigray Region Gets Statistical Agency, Policy Research Institute","imgsrc":"https:\/\/addisfortune.net\/wp-content\/themes\/smdthemeaddis\/thumbnails\/editorspick-default-tnail.png"},{"link":"https:\/\/addisfortune.net\/articles\/discrete-employers-federations-rival-to-be-confederation\/","text":"Two of the largest employer federations are engaged in a cut-throat competition to upgrade themselves and create the Ethiopian Employers\u2019 Confederation (EEC). The six and half-decade-old Ethiopian Employers\u2019 Feder...","title":"Discrete Employers\u2019 Federations Rival to be Confederation","imgsrc":"https:\/\/addisfortune.net\/wp-content\/themes\/smdthemeaddis\/thumbnails\/editorspick-default-tnail.png"},{"link":"https:\/\/addisfortune.net\/articles\/hundreds-of-prisoners-off-jail-with-pardon-charge-drop\/","text":"The Office of the Attorney General has dropped charges and pardoned over 749 prisoners, who were charged and sentenced for allegedly involved in corruption, terrorism and other crimes. Attorney General Berhanu Tsegaye...","title":"Hundreds of Prisoners Off Jail with Pardon, Charge Drop","imgsrc":"https:\/\/addisfortune.net\/wp-content\/uploads\/2018\/05\/Screenshot-2018-05-27-02.16.24.png"},{"link":"https:\/\/addisfortune.net\/articles\/promising-offers-lowest-price-in-third-attempt-to-stabilise-market\/","text":"Promising International offered the least price of 1.39 billion Br to supply 200,000tn of wheat. This comes after two attempts by the Public Procurement & Property Disposal Services (PPPDS) to procure wheat for marke...","title":"Promising Offers Lowest Price in Third Attempt to Stabilise Market","imgsrc":"https:\/\/addisfortune.net\/wp-content\/uploads\/2018\/05\/promising_international.jpg"},{"link":"https:\/\/addisfortune.net\/articles\/mama-fresh-starts-afresh\/","text":"Mama Fresh Plc, a company which bakes and exports Injera and had got into trouble after a dispute with the city administration, gets back on track after a two-month pause. The company was required to evacuate from its...","title":"Mama Fresh Starts Afresh","imgsrc":"https:\/\/addisfortune.net\/wp-content\/uploads\/2018\/05\/Screenshot-2018-05-27-02.03.30.png"},{"link":"https:\/\/addisfortune.net\/articles\/enterprise-announces-construction-of-8428-condo-houses\/","text":"Addis Abeba is going to get additional 8,428 homes under the middle-income housing scheme. The last construction under this scheme was embarked four years ago. For this construction project, the Addis Abeba Savings &a...","title":"Enterprise Announces Construction of 8,428 Condo Houses","imgsrc":"https:\/\/addisfortune.net\/wp-content\/uploads\/2018\/05\/Akaki-Kality-middle-income-housing.jpg"},{"link":"https:\/\/addisfortune.net\/articles\/prime-minister-abiy-reshuffles-metec-board\/","text":"Prime Minister Abiy Ahmed has reshuffled directors of the board of the state-owned Metals & Engineering Corporation (MeTEC), appointing Ambachew Mekonnen (PhD), minister of Industry, as its third chairman, sources di...","title":"Prime Minister Abiy Reshuffles MeTEC Board","imgsrc":"https:\/\/addisfortune.net\/wp-content\/uploads\/2018\/05\/new_metec_management.jpg"},{"link":"https:\/\/addisfortune.net\/articles\/investment-for-berbera-port-expansion-dropped-by-23pc\/","text":"DP World and Somaliland Port Authority have reduced the investment for the expansion of Berbera Port by 23pc. The price adjustment came into the scene after the update of the feasibility study of the project, in which Et...","title":"Investment for Berbera Port Expansion Dropped by 23pc","imgsrc":"https:\/\/addisfortune.net\/wp-content\/uploads\/2018\/05\/berbera_port.jpg"},{"link":"https:\/\/addisfortune.net\/articles\/sabir-wilmar-wind-up-dispute-amicably\/","text":"The nation\u2019s largest civil suit claim between Sabir Argaw, the prominent local businessman, and his Singaporean partners involving 370 million Br finally ended with an amicable settlement. Sabir agreed to transfer his...","title":"Sabir, Wilmar Wind-up Dispute Amicably","imgsrc":"https:\/\/addisfortune.net\/wp-content\/uploads\/2018\/05\/Sabir-Argaw.jpg"},{"link":"https:\/\/addisfortune.net\/articles\/authority-devices-first-ever-binding-invoice-format\/","text":"The Ethiopian Revenues & Customs Authority (ERCA) devised the first binding invoice format for the valuation of customs taxes in a bid to streamline the tax administration. The format will become effective as of J...","title":"Authority Devices First Ever Binding Invoice Format","imgsrc":"https:\/\/addisfortune.net\/wp-content\/themes\/smdthemeaddis\/thumbnails\/editorspick-default-tnail.png"},{"link":"https:\/\/addisfortune.net\/articles\/labour-strike-rocks-bole-lemi-industrial-park\/","text":"Labourers working inside the factories of the nation\u2019s first industrial park, Bole Lemi, were on strike for five days starting on May 11, 2018. They are demanding higher pay and a favourable working environment. The...","title":"Labour Strike Rocks Bole Lemi Industrial Park","imgsrc":"https:\/\/addisfortune.net\/wp-content\/uploads\/2018\/05\/Screenshot-2018-05-20-00.37.16.png"},{"link":"https:\/\/addisfortune.net\/articles\/intra-city-bus-terminal-edges-to-break-addiss-ground\/","text":"O Bon Voyage Architects & Engineers Consultant, a local consultancy firm, hands over the design of Megenagna Intra-City Public Transport Terminal, which was contracted for 3.38 million Br. To be situated in wereda...","title":"Intra-City Bus Terminal Edges to Break Addis\u2019s Ground","imgsrc":"https:\/\/addisfortune.net\/wp-content\/uploads\/2018\/05\/Megenagna-Intra-Public-Transport-Terminal.jpg"}]